{
  "GET - Reddit Homepage" : {
    "transaction" : "GET - Reddit Homepage",
    "sampleCount" : 100,
    "errorCount" : 0,
    "errorPct" : 0.0,
    "meanResTime" : 13978.530000000002,
    "medianResTime" : 10971.0,
    "minResTime" : 4420.0,
    "maxResTime" : 43681.0,
    "pct1ResTime" : 25714.10000000001,
    "pct2ResTime" : 28198.699999999997,
    "pct3ResTime" : 43633.229999999974,
    "throughput" : 1.5957107295589457,
    "receivedKBytesPerSec" : 892.0921656337764,
    "sentKBytesPerSec" : 0.47684324535648176
  },
  "Total" : {
    "transaction" : "Total",
    "sampleCount" : 257,
    "errorCount" : 0,
    "errorPct" : 0.0,
    "meanResTime" : 12621.3579766537,
    "medianResTime" : 10619.0,
    "minResTime" : 3103.0,
    "maxResTime" : 43681.0,
    "pct1ResTime" : 21647.4,
    "pct2ResTime" : 26683.3,
    "pct3ResTime" : 33932.81999999989,
    "throughput" : 3.8292483051478805,
    "receivedKBytesPerSec" : 2033.522466684981,
    "sentKBytesPerSec" : 1.165094427475229
  },
  "GET - /r/popular" : {
    "transaction" : "GET - /r/popular",
    "sampleCount" : 50,
    "errorCount" : 0,
    "errorPct" : 0.0,
    "meanResTime" : 14184.760000000004,
    "medianResTime" : 12810.0,
    "minResTime" : 8077.0,
    "maxResTime" : 27298.0,
    "pct1ResTime" : 21398.5,
    "pct2ResTime" : 23270.699999999993,
    "pct3ResTime" : 27298.0,
    "throughput" : 0.8123872812647246,
    "receivedKBytesPerSec" : 447.25813580475085,
    "sentKBytesPerSec" : 0.25069763757778607
  },
  "GET - /r/AskReddit" : {
    "transaction" : "GET - /r/AskReddit",
    "sampleCount" : 48,
    "errorCount" : 0,
    "errorPct" : 0.0,
    "meanResTime" : 11326.541666666668,
    "medianResTime" : 9283.5,
    "minResTime" : 3103.0,
    "maxResTime" : 30291.0,
    "pct1ResTime" : 22762.500000000004,
    "pct2ResTime" : 27388.449999999997,
    "pct3ResTime" : 30291.0,
    "throughput" : 0.8350149606847123,
    "receivedKBytesPerSec" : 408.4422200634089,
    "sentKBytesPerSec" : 0.25931128661888525
  },
  "GET - /r/all" : {
    "transaction" : "GET - /r/all",
    "sampleCount" : 59,
    "errorCount" : 0,
    "errorPct" : 0.0,
    "meanResTime" : 10049.5593220339,
    "medianResTime" : 9238.0,
    "minResTime" : 3737.0,
    "maxResTime" : 28712.0,
    "pct1ResTime" : 15939.0,
    "pct2ResTime" : 19528.0,
    "pct3ResTime" : 28712.0,
    "throughput" : 0.9369243473289716,
    "receivedKBytesPerSec" : 469.54105718613033,
    "sentKBytesPerSec" : 0.28546913707679605
  }
}